Los Angeles Kings,Carolina Hurricanes,3,5
Tampa Bay Lightning,St. Louis Blues,4,3
San Jose Sharks,New York Rangers,4,1
Carolina Hurricanes,San Jose Sharks,5,3
Toronto Maple Leafs,Arizona Coyotes,3,1
Los Angeles Kings,New Jersey Devils,3,2
Pittsburgh Penguins,St. Louis Blues,0,1
Buffalo Sabres,San Jose Sharks,4,2
Dallas Stars,Philadelphia Flyers,2,5
Colorado Avalanche,Ottawa Senators,2,4
San Jose Sharks,Ottawa Senators,4,2
Minnesota Wild,Ottawa Senators,6,5
Minnesota Wild,Vancouver Canucks,3,4
Florida Panthers,Montreal Canadiens,2,3
Pittsburgh Penguins,Edmonton Oilers,2,1
Anaheim Ducks,Winnipeg Jets,3,4
San Jose Sharks,Calgary Flames,2,6
St. Louis Blues,Boston Bruins,5,3
Detroit Red Wings,Philadelphia Flyers,5,1
Detroit Red Wings,Pittsburgh Penguins,4,1
Philadelphia Flyers,Florida Panthers,2,5
Nashville Predators,Detroit Red Wings,6,5
Florida Panthers,Vegas Golden Knights,2,5
Vegas Golden Knights,New York Rangers,3,5
Winnipeg Jets,Vegas Golden Knights,3,2
Chicago Blackhawks,Ottawa Senators,0,2
San Jose Sharks,Minnesota Wild,3,2
Edmonton Oilers,Arizona Coyotes,1,6
Pittsburgh Penguins,Vegas Golden Knights,5,4
Arizona Coyotes,San Jose Sharks,4,2
Philadelphia Flyers,Calgary Flames,4,2
Detroit Red Wings,New York Islanders,1,2
Arizona Coyotes,Florida Panthers,3,6
Carolina Hurricanes,New York Rangers,3,5
Edmonton Oilers,Anaheim Ducks,4,3
Toronto Maple Leafs,Washington Capitals,6,5
Washington Capitals,Colorado Avalanche,3,3
Chicago Blackhawks,Nashville Predators,2,6
Montreal Canadiens,St. Louis Blues,2,4
Calgary Flames,St. Louis Blues,4,6
Carolina Hurricanes,Nashville Predators,4,1
Vancouver Canucks,Edmonton Oilers,4,3
Colorado Avalanche,New York Islanders,5,6
Montreal Canadiens,St. Louis Blues,1,4
Vancouver Canucks,Toronto Maple Leafs,2,5
Chicago Blackhawks,Vancouver Canucks,5,0
Toronto Maple Leafs,Montreal Canadiens,0,4
Edmonton Oilers,New Jersey Devils,1,3
Toronto Maple Leafs,Los Angeles Kings,5,4
Toronto Maple Leafs,Philadelphia Flyers,2,2
Pittsburgh Penguins,Anaheim Ducks,1,6
Colorado Avalanche,Winnipeg Jets,5,2
Pittsburgh Penguins,Buffalo Sabres,7,3
Montreal Canadiens,Winnipeg Jets,6,3
Dallas Stars,Washington Capitals,4,2
Colorado Avalanche,Montreal Canadiens,2,4
Washington Capitals,Vegas Golden Knights,6,2
Florida Panthers,Colorado Avalanche,3,5
Pittsburgh Penguins,Montreal Canadiens,4,6
Tampa Bay Lightning,Philadelphia Flyers,5,4
Colorado Avalanche,Florida Panthers,3,4
Carolina Hurricanes,Minnesota Wild,0,5
Minnesota Wild,Vegas Golden Knights,6,2
Nashville Predators,New York Rangers,4,5
Winnipeg Jets,Colorado Avalanche,1,2
St. Louis Blues,Colorado Avalanche,5,6
Buffalo Sabres,Florida Panthers,2,3
Tampa Bay Lightning,Columbus Blue Jackets,3,3
Colorado Avalanche,Columbus Blue Jackets,4,6
Washington Capitals,Detroit Red Wings,2,5
Buffalo Sabres,Anaheim Ducks,3,0
Buffalo Sabres,Vegas Golden Knights,1,6
Tampa Bay Lightning,Edmonton Oilers,6,4
Calgary Flames,Anaheim Ducks,4,1
Montreal Canadiens,Boston Bruins,7,4
Columbus Blue Jackets,Edmonton Oilers,4,5
San Jose Sharks,Calgary Flames,4,5
Philadelphia Flyers,Winnipeg Jets,5,3
Toronto Maple Leafs,Buffalo Sabres,1,4
Chicago Blackhawks,Tampa Bay Lightning,3,1
Chicago Blackhawks,Ottawa Senators,1,4
St. Louis Blues,Arizona Coyotes,5,2
Minnesota Wild,Edmonton Oilers,4,6
Pittsburgh Penguins,Buffalo Sabres,4,2
Minnesota Wild,Montreal Canadiens,5,1
San Jose Sharks,New Jersey Devils,3,4
Detroit Red Wings,St. Louis Blues,0,3
Philadelphia Flyers,Florida Panthers,4,6
Dallas Stars,Arizona Coyotes,7,5
Florida Panthers,Vegas Golden Knights,3,3
Anaheim Ducks,Arizona Coyotes,6,2
Boston Bruins,Winnipeg Jets,0,6
Winnipeg Jets,Pittsburgh Penguins,5,1
Tampa Bay Lightning,San Jose Sharks,5,4
Winnipeg Jets,Montreal Canadiens,4,2
New Jersey Devils,Tampa Bay Lightning,1,2
Minnesota Wild,Toronto Maple Leafs,2,4
Carolina Hurricanes,Pittsburgh Penguins,4,1
Buffalo Sabres,Colorado Avalanche,4,3
Minnesota Wild,Boston Bruins,6,7
Edmonton Oilers,Philadelphia Flyers,5,1
New York Rangers,Los Angeles Kings,5,3
San Jose Sharks,New York Islanders,4,5
Winnipeg Jets,Los Angeles Kings,2,5
Colorado Avalanche,Toronto Maple Leafs,5,2
Toronto Maple Leafs,Vancouver Canucks,2,3
Carolina Hurricanes,Nashville Predators,5,4
Los Angeles Kings,Boston Bruins,3,4
Dallas Stars,Detroit Red Wings,6,3
Dallas Stars,San Jose Sharks,3,4
Nashville Predators,Minnesota Wild,3,2
Boston Bruins,Pittsburgh Penguins,2,4
Minnesota Wild,Detroit Red Wings,1,0
Detroit Red Wings,Los Angeles Kings,5,1
Buffalo Sabres,Calgary Flames,0,1
San Jose Sharks,Anaheim Ducks,6,5
Florida Panthers,Dallas Stars,5,3
Dallas Stars,Anaheim Ducks,5,3
Los Angeles Kings,New York Islanders,2,5
Calgary Flames,Nashville Predators,0,6
Buffalo Sabres,Chicago Blackhawks,3,2
Edmonton Oilers,San Jose Sharks,6,4
Florida Panthers,Pittsburgh Penguins,3,4
Nashville Predators,Dallas Stars,5,3
Dallas Stars,Philadelphia Flyers,4,0
Edmonton Oilers,Arizona Coyotes,2,3
Boston Bruins,Calgary Flames,2,6
St. Louis Blues,Philadelphia Flyers,3,5
Carolina Hurricanes,Detroit Red Wings,5,3
Buffalo Sabres,Nashville Predators,3,3
San Jose Sharks,Tampa Bay Lightning,3,4
Toronto Maple Leafs,Minnesota Wild,6,3
Los Angeles Kings,Chicago Blackhawks,3,4
Washington Capitals,Calgary Flames,4,5
Boston Bruins,Philadelphia Flyers,2,0
Vegas Golden Knights,Carolina Hurricanes,1,4
New York Islanders,Nashville Predators,3,2
Minnesota Wild,Colorado Avalanche,3,5
Columbus Blue Jackets,Anaheim Ducks,2,0
New York Rangers,San Jose Sharks,2,1
New York Rangers,New Jersey Devils,5,0
Nashville Predators,Chicago Blackhawks,5,1
Colorado Avalanche,New York Islanders,5,2
Colorado Avalanche,New Jersey Devils,4,0
Boston Bruins,Pittsburgh Penguins,2,5
Anaheim Ducks,Tampa Bay Lightning,5,1
Calgary Flames,Washington Capitals,6,4
San Jose Sharks,Pittsburgh Penguins,2,4
Washington Capitals,Carolina Hurricanes,4,1
New York Islanders,Winnipeg Jets,2,1
San Jose Sharks,New York Rangers,6,4
San Jose Sharks,Edmonton Oilers,3,2
Chicago Blackhawks,New Jersey Devils,4,5
Vegas Golden Knights,Los Angeles Kings,3,2
Los Angeles Kings,Philadelphia Flyers,3,1
Pittsburgh Penguins,New York Islanders,4,5
Minnesota Wild,New York Islanders,4,1
Toronto Maple Leafs,Los Angeles Kings,2,3
Arizona Coyotes,Florida Panthers,7,4
Vancouver Canucks,New York Rangers,3,2
Vancouver Canucks,Chicago Blackhawks,1,3
New York Rangers,Tampa Bay Lightning,6,5
Boston Bruins,Florida Panthers,5,3
Nashville Predators,Boston Bruins,2,3
Buffalo Sabres,New York Rangers,4,2
Calgary Flames,San Jose Sharks,4,1
Detroit Red Wings,Florida Panthers,3,2
Vancouver Canucks,Dallas Stars,4,4
Vegas Golden Knights,Boston Bruins,5,4
Washington Capitals,New Jersey Devils,4,2
St. Louis Blues,Los Angeles Kings,5,6
Edmonton Oilers,Toronto Maple Leafs,5,2
Vancouver Canucks,Anaheim Ducks,6,3
Nashville Predators,Los Angeles Kings,1,5
San Jose Sharks,New Jersey Devils,3,5
Florida Panthers,New York Islanders,1,3
Anaheim Ducks,New York Islanders,3,5
Detroit Red Wings,New York Rangers,2,5
Florida Panthers,Colorado Avalanche,3,6
Pittsburgh Penguins,Winnipeg Jets,3,1
Carolina Hurricanes,St. Louis Blues,4,2
Vegas Golden Knights,Calgary Flames,4,7
Tampa Bay Lightning,New York Rangers,1,5
Tampa Bay Lightning,Winnipeg Jets,6,2
Colorado Avalanche,Columbus Blue Jackets,2,3
Colorado Avalanche,Vegas Golden Knights,6,5
St. Louis Blues,Nashville Predators,5,1
Los Angeles Kings,San Jose Sharks,3,4
Calgary Flames,Anaheim Ducks,4,4
Anaheim Ducks,St. Louis Blues,3,2
Columbus Blue Jackets,Nashville Predators,4,6
Los Angeles Kings,New York Islanders,3,4
Pittsburgh Penguins,San Jose Sharks,1,2
Columbus Blue Jackets,New Jersey Devils,7,6
Columbus Blue Jackets,Toronto Maple Leafs,3,4
Pittsburgh Penguins,Toronto Maple Leafs,4,5
Pittsburgh Penguins,Columbus Blue Jackets,3,6
Winnipeg Jets,Nashville Predators,6,2
Minnesota Wild,Florida Panthers,4,1
Calgary Flames,New York Rangers,2,5
Edmonton Oilers,Toronto Maple Leafs,4,1
Calgary Flames,St. Louis Blues,5,2
Montreal Canadiens,Winnipeg Jets,4,5
New Jersey Devils,Detroit Red Wings,5,4
Anaheim Ducks,Ottawa Senators,5,0
Ottawa Senators,San Jose Sharks,1,6
Arizona Coyotes,Carolina Hurricanes,3,2
Nashville Predators,Anaheim Ducks,3,5
Chicago Blackhawks,Florida Panthers,3,4
Dallas Stars,Tampa Bay Lightning,2,3
Pittsburgh Penguins,Los Angeles Kings,4,0
Edmonton Oilers,Detroit Red Wings,3,1
Arizona Coyotes,St. Louis Blues,3,6
Calgary Flames,Vancouver Canucks,4,4
Florida Panthers,Washington Capitals,5,2
Anaheim Ducks,Detroit Red Wings,2,7
Montreal Canadiens,St. Louis Blues,7,3
Vancouver Canucks,Arizona Coyotes,4,3
Winnipeg Jets,Nashville Predators,4,6
Ottawa Senators,Anaheim Ducks,5,6
Edmonton Oilers,St. Louis Blues,6,4
Chicago Blackhawks,Vancouver Canucks,3,1
Arizona Coyotes,Toronto Maple Leafs,1,5
San Jose Sharks,Detroit Red Wings,4,3
Washington Capitals,Tampa Bay Lightning,3,2
Pittsburgh Penguins,Dallas Stars,2,6
Colorado Avalanche,Vegas Golden Knights,3,6
Minnesota Wild,Washington Capitals,4,4
Calgary Flames,Colorado Avalanche,4,3
New Jersey Devils,Buffalo Sabres,0,4
Dallas Stars,Washington Capitals,3,5
Calgary Flames,Columbus Blue Jackets,3,5
Columbus Blue Jackets,New Jersey Devils,4,2
New York Rangers,New Jersey Devils,3,7
Detroit Red Wings,Florida Panthers,4,2
Philadelphia Flyers,Tampa Bay Lightning,5,2
Los Angeles Kings,Tampa Bay Lightning,4,2
Philadelphia Flyers,Washington Capitals,4,6
New York Islanders,Nashville Predators,1,5
Dallas Stars,Boston Bruins,7,1
Montreal Canadiens,Buffalo Sabres,1,3
Columbus Blue Jackets,Montreal Canadiens,7,5
Minnesota Wild,Ottawa Senators,1,5
Tampa Bay Lightning,Detroit Red Wings,5,1
Vancouver Canucks,Chicago Blackhawks,4,0
Buffalo Sabres,Edmonton Oilers,5,2
Chicago Blackhawks,New Jersey Devils,3,2
Ottawa Senators,Los Angeles Kings,2,4
Columbus Blue Jackets,Colorado Avalanche,3,3
Pittsburgh Penguins,Colorado Avalanche,3,1
Montreal Canadiens,Columbus Blue Jackets,1,3
Vegas Golden Knights,Vancouver Canucks,1,7
Columbus Blue Jackets,Tampa Bay Lightning,2,1
Toronto Maple Leafs,Columbus Blue Jackets,2,4
Anaheim Ducks,Calgary Flames,3,2
Calgary Flames,Florida Panthers,6,3
Vegas Golden Knights,Detroit Red Wings,6,4
Montreal Canadiens,Pittsburgh Penguins,3,5
Philadelphia Flyers,Winnipeg Jets,4,1
Chicago Blackhawks,Toronto Maple Leafs,5,2
Columbus Blue Jackets,Philadelphia Flyers,3,4
Dallas Stars,Carolina Hurricanes,3,7
New York Islanders,Anaheim Ducks,4,3
Arizona Coyotes,San Jose Sharks,2,5
Washington Capitals,New Jersey Devils,2,3
Ottawa Senators,Vegas Golden Knights,5,3
Montreal Canadiens,Arizona Coyotes,3,6
Vancouver Canucks,Tampa Bay Lightning,6,4
Edmonton Oilers,New York Islanders,5,4
New Jersey Devils,Colorado Avalanche,4,1
New York Islanders,Nashville Predators,3,4
Toronto Maple Leafs,Vancouver Canucks,5,3
Vancouver Canucks,Nashville Predators,5,6
Vancouver Canucks,Edmonton Oilers,0,7
Ottawa Senators,St. Louis Blues,2,3
Anaheim Ducks,Philadelphia Flyers,4,7
Philadelphia Flyers,Pittsburgh Penguins,5,4
Tampa Bay Lightning,St. Louis Blues,3,5
Toronto Maple Leafs,Vegas Golden Knights,3,6
Calgary Flames,Vegas Golden Knights,4,1
Anaheim Ducks,New York Rangers,2,3
Detroit Red Wings,San Jose Sharks,3,4
New Jersey Devils,Chicago Blackhawks,1,3
San Jose Sharks,Colorado Avalanche,5,4
Calgary Flames,Vegas Golden Knights,5,4
New York Islanders,Colorado Avalanche,2,7
New Jersey Devils,Buffalo Sabres,6,3
Pittsburgh Penguins,Toronto Maple Leafs,6,3
New York Rangers,Arizona Coyotes,5,4
Buffalo Sabres,New York Islanders,1,3
Toronto Maple Leafs,Detroit Red Wings,5,1
New York Rangers,Carolina Hurricanes,7,6
Columbus Blue Jackets,Ottawa Senators,2,3
Colorado Avalanche,Ottawa Senators,4,7
Columbus Blue Jackets,Dallas Stars,1,4
Colorado Avalanche,Detroit Red Wings,5,1
Winnipeg Jets,Chicago Blackhawks,2,5
Philadelphia Flyers,San Jose Sharks,6,2
Toronto Maple Leafs,Columbus Blue Jackets,3,1
Winnipeg Jets,Chicago Blackhawks,3,4
Colorado Avalanche,Vegas Golden Knights,5,4
New York Rangers,Boston Bruins,3,5
Chicago Blackhawks,Edmonton Oilers,3,6
Arizona Coyotes,St. Louis Blues,3,1
Chicago Blackhawks,Buffalo Sabres,5,6
Toronto Maple Leafs,Buffalo Sabres,5,4
San Jose Sharks,Columbus Blue Jackets,4,7
Los Angeles Kings,Philadelphia Flyers,4,2
New York Rangers,Dallas Stars,2,1
Los Angeles Kings,Ottawa Senators,2,5
New York Islanders,St. Louis Blues,5,4
Arizona Coyotes,Vegas Golden Knights,4,5
Buffalo Sabres,St. Louis Blues,5,3
Vegas Golden Knights,Anaheim Ducks,3,5
Colorado Avalanche,Vegas Golden Knights,4,5
Dallas Stars,Boston Bruins,5,2
Arizona Coyotes,Detroit Red Wings,4,6
Ottawa Senators,Edmonton Oilers,1,6
Minnesota Wild,Anaheim Ducks,3,5
Buffalo Sabres,Edmonton Oilers,2,1
Anaheim Ducks,New Jersey Devils,6,2
Los Angeles Kings,Vancouver Canucks,4,5
Dallas Stars,Vegas Golden Knights,3,4
Carolina Hurricanes,Pittsburgh Penguins,5,3
Arizona Coyotes,Tampa Bay Lightning,3,6
New Jersey Devils,St. Louis Blues,6,5
St. Louis Blues,Winnipeg Jets,4,2
Detroit Red Wings,Colorado Avalanche,5,3
Chicago Blackhawks,Anaheim Ducks,2,4
Philadelphia Flyers,Arizona Coyotes,5,4
Arizona Coyotes,New Jersey Devils,3,4
Dallas Stars,Anaheim Ducks,4,0
Philadelphia Flyers,Arizona Coyotes,5,5
Dallas Stars,Calgary Flames,2,5
Chicago Blackhawks,Calgary Flames,4,6
Calgary Flames,Ottawa Senators,6,3
Anaheim Ducks,Toronto Maple Leafs,5,1
Vancouver Canucks,Boston Bruins,5,4
Tampa Bay Lightning,New York Rangers,1,2
Carolina Hurricanes,Vegas Golden Knights,6,3
Buffalo Sabres,Nashville Predators,2,4
Colorado Avalanche,Philadelphia Flyers,1,4
Dallas Stars,New Jersey Devils,3,4
Washington Capitals,Carolina Hurricanes,4,1
Los Angeles Kings,Carolina Hurricanes,3,2
Vancouver Canucks,Chicago Blackhawks,3,5
Columbus Blue Jackets,Winnipeg Jets,4,3
Vancouver Canucks,Minnesota Wild,2,5
Edmonton Oilers,Buffalo Sabres,6,4
Washington Capitals,Minnesota Wild,6,6
Florida Panthers,Columbus Blue Jackets,7,2
New York Rangers,Vancouver Canucks,5,4
New York Rangers,Vancouver Canucks,4,4
Columbus Blue Jackets,Nashville Predators,4,3
Winnipeg Jets,Arizona Coyotes,2,5
Dallas Stars,Edmonton Oilers,1,2
Boston Bruins,Detroit Red Wings,3,5
Los Angeles Kings,Columbus Blue Jackets,5,0
Minnesota Wild,Anaheim Ducks,5,6
Los Angeles Kings,Arizona Coyotes,2,3
Pittsburgh Penguins,Carolina Hurricanes,3,5
Vancouver Canucks,Boston Bruins,3,6
Detroit Red Wings,New York Rangers,3,2
Florida Panthers,Calgary Flames,6,4
New Jersey Devils,Chicago Blackhawks,2,4
Minnesota Wild,Winnipeg Jets,4,1
Vancouver Canucks,Montreal Canadiens,3,5
Columbus Blue Jackets,New York Rangers,5,2
Washington Capitals,Colorado Avalanche,6,3
Montreal Canadiens,Anaheim Ducks,5,6
St. Louis Blues,Ottawa Senators,4,6
Carolina Hurricanes,Detroit Red Wings,4,5
Calgary Flames,Pittsburgh Penguins,4,5
Washington Capitals,Arizona Coyotes,6,1
St. Louis Blues,Tampa Bay Lightning,5,3
San Jose Sharks,Dallas Stars,3,6
Ottawa Senators,Colorado Avalanche,4,3
San Jose Sharks,Vegas Golden Knights,2,4
Vegas Golden Knights,New Jersey Devils,2,5
St. Louis Blues,Florida Panthers,1,3
Minnesota Wild,Detroit Red Wings,2,3
Tampa Bay Lightning,New Jersey Devils,6,3
Nashville Predators,Vegas Golden Knights,2,2
Toronto Maple Leafs,Washington Capitals,3,3
Los Angeles Kings,Chicago Blackhawks,6,3
Minnesota Wild,Montreal Canadiens,5,3
Arizona Coyotes,New Jersey Devils,6,5
Nashville Predators,Dallas Stars,5,4
Chicago Blackhawks,Carolina Hurricanes,5,1
Buffalo Sabres,Columbus Blue Jackets,6,1
Vancouver Canucks,Anaheim Ducks,6,2
Vancouver Canucks,St. Louis Blues,3,6
New York Rangers,Columbus Blue Jackets,1,6
Florida Panthers,Nashville Predators,2,1
Tampa Bay Lightning,Vegas Golden Knights,1,2
Ottawa Senators,Los Angeles Kings,2,5
Vegas Golden Knights,Vancouver Canucks,1,4
New York Rangers,Tampa Bay Lightning,1,4
Boston Bruins,Columbus Blue Jackets,2,0
Chicago Blackhawks,Winnipeg Jets,3,4
St. Louis Blues,New Jersey Devils,1,3
Dallas Stars,Ottawa Senators,5,4
Toronto Maple Leafs,Winnipeg Jets,0,3
Florida Panthers,Minnesota Wild,4,3
Ottawa Senators,Dallas Stars,2,0
Minnesota Wild,Nashville Predators,4,3
Pittsburgh Penguins,Tampa Bay Lightning,1,5
Arizona Coyotes,New Jersey Devils,6,2
Boston Bruins,Edmonton Oilers,3,1
New York Rangers,Philadelphia Flyers,1,6
Carolina Hurricanes,Florida Panthers,2,4
Minnesota Wild,Tampa Bay Lightning,4,2
St. Louis Blues,New Jersey Devils,4,6
San Jose Sharks,Florida Panthers,4,5
New York Rangers,Boston Bruins,5,3
Colorado Avalanche,San Jose Sharks,1,2
New York Islanders,Pittsburgh Penguins,5,2
New Jersey Devils,Florida Panthers,3,5
Detroit Red Wings,Edmonton Oilers,3,5
Buffalo Sabres,Washington Capitals,7,3
Arizona Coyotes,Los Angeles Kings,3,1
Minnesota Wild,Chicago Blackhawks,3,3
Boston Bruins,Florida Panthers,6,2
Ottawa Senators,Nashville Predators,4,5
New York Islanders,Florida Panthers,3,1
Los Angeles Kings,Tampa Bay Lightning,5,2
Florida Panthers,Columbus Blue Jackets,4,2
Montreal Canadiens,Colorado Avalanche,5,2
Winnipeg Jets,Los Angeles Kings,3,4
New York Rangers,Anaheim Ducks,6,5
Philadelphia Flyers,San Jose Sharks,3,3
Detroit Red Wings,Los Angeles Kings,2,3
Edmonton Oilers,New Jersey Devils,3,5
San Jose Sharks,Philadelphia Flyers,3,5
Calgary Flames,Buffalo Sabres,2,3
Calgary Flames,Boston Bruins,4,6
Vegas Golden Knights,Toronto Maple Leafs,1,3
Florida Panthers,Calgary Flames,5,3
Edmonton Oilers,Ottawa Senators,4,6
St. Louis Blues,Dallas Stars,4,4
Calgary Flames,San Jose Sharks,2,4
Minnesota Wild,Washington Capitals,3,5
New York Islanders,Washington Capitals,4,6
San Jose Sharks,New Jersey Devils,2,4
Chicago Blackhawks,Vegas Golden Knights,5,2
New Jersey Devils,Vegas Golden Knights,5,3
Vancouver Canucks,St. Louis Blues,4,2
Nashville Predators,Montreal Canadiens,6,3
Montreal Canadiens,Detroit Red Wings,4,6
Colorado Avalanche,Montreal Canadiens,5,6
Edmonton Oilers,New York Islanders,4,2
Montreal Canadiens,Tampa Bay Lightning,5,3
Nashville Predators,Buffalo Sabres,6,7
Edmonton Oilers,Buffalo Sabres,3,4
St. Louis Blues,Vancouver Canucks,4,5
Tampa Bay Lightning,Vegas Golden Knights,2,5
Carolina Hurricanes,Boston Bruins,4,2
Chicago Blackhawks,Winnipeg Jets,5,0
Colorado Avalanche,Vancouver Canucks,5,4
Vegas Golden Knights,Minnesota Wild,3,2
Winnipeg Jets,Toronto Maple Leafs,3,6
Colorado Avalanche,Buffalo Sabres,3,2
Pittsburgh Penguins,Tampa Bay Lightning,5,6
Philadelphia Flyers,Columbus Blue Jackets,6,3
St. Louis Blues,Ottawa Senators,3,5
Washington Capitals,Edmonton Oilers,6,3
St. Louis Blues,Montreal Canadiens,4,2
Detroit Red Wings,Philadelphia Flyers,2,5
Calgary Flames,Toronto Maple Leafs,7,4
Anaheim Ducks,Florida Panthers,4,2
Colorado Avalanche,Vegas Golden Knights,4,6
Minnesota Wild,New Jersey Devils,2,4
Ottawa Senators,St. Louis Blues,6,5
Edmonton Oilers,Colorado Avalanche,4,3
Columbus Blue Jackets,Ottawa Senators,4,5
Vegas Golden Knights,St. Louis Blues,3,2
Edmonton Oilers,Winnipeg Jets,3,6
Toronto Maple Leafs,Nashville Predators,1,3
Vegas Golden Knights,St. Louis Blues,3,4
Minnesota Wild,Vancouver Canucks,4,3
Florida Panthers,Colorado Avalanche,0,2
Boston Bruins,San Jose Sharks,4,2
St. Louis Blues,Colorado Avalanche,3,4
Boston Bruins,Washington Capitals,6,2
Chicago Blackhawks,Buffalo Sabres,5,4
New York Rangers,Washington Capitals,1,3
Montreal Canadiens,Carolina Hurricanes,3,0
Toronto Maple Leafs,New York Rangers,2,4
Anaheim Ducks,Arizona Coyotes,6,4
Boston Bruins,Columbus Blue Jackets,3,2
Detroit Red Wings,San Jose Sharks,1,5
Anaheim Ducks,Pittsburgh Penguins,5,6
Tampa Bay Lightning,Philadelphia Flyers,4,2
Montreal Canadiens,Columbus Blue Jackets,5,7
Philadelphia Flyers,Detroit Red Wings,4,4
Chicago Blackhawks,Washington Capitals,3,1
Detroit Red Wings,Arizona Coyotes,3,2
Vancouver Canucks,Florida Panthers,5,4
New York Rangers,Ottawa Senators,3,6
Calgary Flames,Arizona Coyotes,5,4
Tampa Bay Lightning,Edmonton Oilers,2,4
Arizona Coyotes,San Jose Sharks,4,1
Toronto Maple Leafs,Columbus Blue Jackets,6,4
Chicago Blackhawks,Florida Panthers,4,3
Colorado Avalanche,Toronto Maple Leafs,3,2
Arizona Coyotes,Vancouver Canucks,3,2
Nashville Predators,Vancouver Canucks,4,3
Pittsburgh Penguins,Montreal Canadiens,4,1
Winnipeg Jets,Los Angeles Kings,4,5
San Jose Sharks,St. Louis Blues,5,4
Carolina Hurricanes,Calgary Flames,3,4
Dallas Stars,Colorado Avalanche,5,4
Boston Bruins,Philadelphia Flyers,3,4
Arizona Coyotes,Detroit Red Wings,5,4
Pittsburgh Penguins,San Jose Sharks,3,7
New York Islanders,Vegas Golden Knights,3,1
Washington Capitals,Carolina Hurricanes,6,4
Buffalo Sabres,Calgary Flames,3,0
Colorado Avalanche,Nashville Predators,4,3
Nashville Predators,Columbus Blue Jackets,5,2
Vegas Golden Knights,Columbus Blue Jackets,4,1
Washington Capitals,Dallas Stars,4,5
Anaheim Ducks,Washington Capitals,6,3
Florida Panthers,Washington Capitals,5,3
Colorado Avalanche,Tampa Bay Lightning,3,2
Nashville Predators,Chicago Blackhawks,6,5
New York Islanders,St. Louis Blues,3,5
Anaheim Ducks,Philadelphia Flyers,6,2
Winnipeg Jets,New York Rangers,2,5
Edmonton Oilers,New York Rangers,4,1
Ottawa Senators,Carolina Hurricanes,4,2
New Jersey Devils,Tampa Bay Lightning,6,4
Arizona Coyotes,Los Angeles Kings,5,4
Nashville Predators,Florida Panthers,4,1
Philadelphia Flyers,Detroit Red Wings,4,2
Colorado Avalanche,St. Louis Blues,3,4
Colorado Avalanche,Toronto Maple Leafs,2,5
Toronto Maple Leafs,Columbus Blue Jackets,4,1
Philadelphia Flyers,Buffalo Sabres,3,4
Arizona Coyotes,Boston Bruins,2,4
Edmonton Oilers,Vancouver Canucks,7,6
Vancouver Canucks,Detroit Red Wings,4,5
Chicago Blackhawks,Nashville Predators,2,1
Vegas Golden Knights,Calgary Flames,5,7
New Jersey Devils,Detroit Red Wings,5,4
Chicago Blackhawks,Dallas Stars,6,1
Buffalo Sabres,Florida Panthers,5,2
Vegas Golden Knights,Pittsburgh Penguins,3,4
Ottawa Senators,New York Islanders,4,6
Buffalo Sabres,Nashville Predators,3,1
Montreal Canadiens,Washington Capitals,0,2
Dallas Stars,Minnesota Wild,3,2
St. Louis Blues,Winnipeg Jets,2,5
Vancouver Canucks,New York Rangers,6,2
Montreal Canadiens,Boston Bruins,4,6
Florida Panthers,Vegas Golden Knights,1,1
Montreal Canadiens,Dallas Stars,4,1
Philadelphia Flyers,Boston Bruins,6,3
Carolina Hurricanes,Tampa Bay Lightning,5,4
Carolina Hurricanes,Los Angeles Kings,6,3
San Jose Sharks,Ottawa Senators,1,2
Ottawa Senators,Minnesota Wild,1,6
St. Louis Blues,Tampa Bay Lightning,4,4
Carolina Hurricanes,New Jersey Devils,2,4
Minnesota Wild,Detroit Red Wings,3,2
Pittsburgh Penguins,Winnipeg Jets,0,3
Edmonton Oilers,Chicago Blackhawks,1,3
Vegas Golden Knights,New York Islanders,5,4
Colorado Avalanche,Calgary Flames,0,3
Vancouver Canucks,Philadelphia Flyers,3,0
Pittsburgh Penguins,Anaheim Ducks,4,3
San Jose Sharks,Arizona Coyotes,5,3
Columbus Blue Jackets,Anaheim Ducks,1,2
Florida Panthers,Ottawa Senators,5,4
Anaheim Ducks,Arizona Coyotes,4,6
San Jose Sharks,Boston Bruins,4,5
New York Islanders,Tampa Bay Lightning,2,4
Edmonton Oilers,Minnesota Wild,7,3
Arizona Coyotes,Buffalo Sabres,5,1
Colorado Avalanche,Pittsburgh Penguins,2,5
Calgary Flames,Florida Panthers,3,4
Ottawa Senators,Edmonton Oilers,3,3
Anaheim Ducks,Tampa Bay Lightning,6,2
San Jose Sharks,Vancouver Canucks,4,0
Detroit Red Wings,Columbus Blue Jackets,2,1
Boston Bruins,Vegas Golden Knights,3,5
Arizona Coyotes,Montreal Canadiens,4,6
Anaheim Ducks,Toronto Maple Leafs,3,6
Nashville Predators,Vegas Golden Knights,7,1
Chicago Blackhawks,Pittsburgh Penguins,4,3
New York Rangers,Detroit Red Wings,4,1
St. Louis Blues,Los Angeles Kings,4,3
Buffalo Sabres,Vancouver Canucks,3,2
New York Islanders,Detroit Red Wings,4,1
Nashville Predators,Tampa Bay Lightning,4,1
Tampa Bay Lightning,Vancouver Canucks,6,4
Colorado Avalanche,Boston Bruins,2,4
Vancouver Canucks,Nashville Predators,5,3
Colorado Avalanche,Calgary Flames,3,1
Colorado Avalanche,Dallas Stars,2,0
Carolina Hurricanes,St. Louis Blues,6,3
Colorado Avalanche,Buffalo Sabres,2,3
St. Louis Blues,Tampa Bay Lightning,0,5
Winnipeg Jets,Anaheim Ducks,2,5
New York Rangers,Arizona Coyotes,5,2
Arizona Coyotes,Anaheim Ducks,1,0
Nashville Predators,Tampa Bay Lightning,4,6
Vegas Golden Knights,Toronto Maple Leafs,1,4
Vancouver Canucks,Los Angeles Kings,7,2
Washington Capitals,Ottawa Senators,4,2
Tampa Bay Lightning,Pittsburgh Penguins,1,2
Winnipeg Jets,Detroit Red Wings,3,4
Calgary Flames,Toronto Maple Leafs,1,5
Nashville Predators,Winnipeg Jets,4,2
Carolina Hurricanes,Vancouver Canucks,4,6
Toronto Maple Leafs,Philadelphia Flyers,6,2
Los Angeles Kings,Philadelphia Flyers,2,4
Philadelphia Flyers,Columbus Blue Jackets,2,7
Colorado Avalanche,Carolina Hurricanes,3,4
Washington Capitals,St. Louis Blues,2,3
Philadelphia Flyers,Vegas Golden Knights,2,4
Tampa Bay Lightning,New York Rangers,2,4
Colorado Avalanche,Dallas Stars,3,4
St. Louis Blues,Ottawa Senators,4,6
Pittsburgh Penguins,Nashville Predators,0,2
Florida Panthers,Winnipeg Jets,6,5
New Jersey Devils,Florida Panthers,2,6
Vancouver Canucks,Dallas Stars,5,2
Anaheim Ducks,Ottawa Senators,3,4
Minnesota Wild,New York Rangers,1,4
New Jersey Devils,Montreal Canadiens,1,2
Ottawa Senators,Vegas Golden Knights,2,3
Tampa Bay Lightning,Columbus Blue Jackets,4,3
Washington Capitals,New Jersey Devils,7,3
Vancouver Canucks,Los Angeles Kings,4,4
Anaheim Ducks,Nashville Predators,2,3
St. Louis Blues,Ottawa Senators,4,5
Los Angeles Kings,Detroit Red Wings,3,1
Nashville Predators,New Jersey Devils,4,7
New York Rangers,Winnipeg Jets,2,3
Vegas Golden Knights,Montreal Canadiens,3,4
Edmonton Oilers,Calgary Flames,4,6
Chicago Blackhawks,Winnipeg Jets,4,5
Montreal Canadiens,Columbus Blue Jackets,7,3
New Jersey Devils,Columbus Blue Jackets,0,4
San Jose Sharks,Calgary Flames,2,4
Calgary Flames,Columbus Blue Jackets,1,4
Carolina Hurricanes,Tampa Bay Lightning,1,5
Philadelphia Flyers,New York Islanders,1,2
Winnipeg Jets,Colorado Avalanche,3,1
Buffalo Sabres,Pittsburgh Penguins,4,7
Carolina Hurricanes,Dallas Stars,2,4
Toronto Maple Leafs,Vegas Golden Knights,5,1
Nashville Predators,Washington Capitals,0,2
Colorado Avalanche,Vancouver Canucks,7,5
Anaheim Ducks,Tampa Bay Lightning,7,3
Nashville Predators,New Jersey Devils,1,3
Minnesota Wild,Anaheim Ducks,3,3
Nashville Predators,Winnipeg Jets,4,2
Boston Bruins,Florida Panthers,4,2
Columbus Blue Jackets,Los Angeles Kings,4,7
Calgary Flames,Chicago Blackhawks,4,2
Nashville Predators,San Jose Sharks,6,1
Arizona Coyotes,Ottawa Senators,2,3
Washington Capitals,Chicago Blackhawks,3,1
Arizona Coyotes,Buffalo Sabres,3,6
New Jersey Devils,Chicago Blackhawks,4,5
Los Angeles Kings,Arizona Coyotes,1,5
Arizona Coyotes,Buffalo Sabres,5,3
Nashville Predators,Vancouver Canucks,3,0
San Jose Sharks,Pittsburgh Penguins,3,1
Boston Bruins,Columbus Blue Jackets,5,6
San Jose Sharks,Calgary Flames,4,5
Dallas Stars,Los Angeles Kings,4,2
Vegas Golden Knights,Edmonton Oilers,4,2
New York Rangers,Winnipeg Jets,4,5
Tampa Bay Lightning,Los Angeles Kings,3,4
Vegas Golden Knights,Montreal Canadiens,2,3
Ottawa Senators,Toronto Maple Leafs,7,3
Montreal Canadiens,Philadelphia Flyers,4,3
Boston Bruins,Los Angeles Kings,6,5
Washington Capitals,New York Rangers,6,4
Vegas Golden Knights,Ottawa Senators,0,5
Montreal Canadiens,Los Angeles Kings,2,3
Edmonton Oilers,Nashville Predators,2,3
Carolina Hurricanes,Boston Bruins,3,4
Anaheim Ducks,Carolina Hurricanes,7,4
Tampa Bay Lightning,Detroit Red Wings,5,4
Buffalo Sabres,New Jersey Devils,4,3
St. Louis Blues,Chicago Blackhawks,4,5
Toronto Maple Leafs,Vegas Golden Knights,6,5
Anaheim Ducks,Dallas Stars,3,1
Philadelphia Flyers,Los Angeles Kings,4,5
New Jersey Devils,Dallas Stars,3,2
New York Islanders,Tampa Bay Lightning,2,5
Washington Capitals,Arizona Coyotes,5,3
Arizona Coyotes,Los Angeles Kings,4,2
Pittsburgh Penguins,Anaheim Ducks,2,3
Buffalo Sabres,Ottawa Senators,1,6
St. Louis Blues,Ottawa Senators,1,3
St. Louis Blues,Calgary Flames,2,3
Chicago Blackhawks,St. Louis Blues,3,1
New Jersey Devils,Chicago Blackhawks,4,1
Vancouver Canucks,Ottawa Senators,2,3
Los Angeles Kings,Montreal Canadiens,1,7
Minnesota Wild,New Jersey Devils,6,5
Dallas Stars,Minnesota Wild,1,4
Arizona Coyotes,Washington Capitals,2,5
Los Angeles Kings,Tampa Bay Lightning,4,5
Anaheim Ducks,Philadelphia Flyers,0,7
Carolina Hurricanes,Nashville Predators,0,2
New York Rangers,Colorado Avalanche,0,1
Los Angeles Kings,Dallas Stars,2,4
Boston Bruins,Detroit Red Wings,3,5
Anaheim Ducks,San Jose Sharks,2,6
Los Angeles Kings,Chicago Blackhawks,7,1
Washington Capitals,Toronto Maple Leafs,2,3
Winnipeg Jets,Edmonton Oilers,4,1
Edmonton Oilers,Tampa Bay Lightning,4,5
Winnipeg Jets,Philadelphia Flyers,3,2
Arizona Coyotes,Minnesota Wild,5,3
Minnesota Wild,Toronto Maple Leafs,5,3
Ottawa Senators,Anaheim Ducks,5,6
Philadelphia Flyers,Los Angeles Kings,2,1
Carolina Hurricanes,New York Rangers,3,4
Washington Capitals,Nashville Predators,3,4
Buffalo Sabres,Winnipeg Jets,2,0
Pittsburgh Penguins,Minnesota Wild,3,7
Vancouver Canucks,Florida Panthers,4,2
Washington Capitals,Chicago Blackhawks,1,5
Pittsburgh Penguins,Boston Bruins,4,5
Florida Panthers,Winnipeg Jets,3,2
Colorado Avalanche,Vancouver Canucks,5,3
New Jersey Devils,Arizona Coyotes,5,6
Colorado Avalanche,Carolina Hurricanes,3,4
New York Rangers,Toronto Maple Leafs,3,5
Los Angeles Kings,Columbus Blue Jackets,3,3
Montreal Canadiens,Toronto Maple Leafs,3,3
Detroit Red Wings,Arizona Coyotes,1,2
Minnesota Wild,Florida Panthers,4,3
Nashville Predators,New Jersey Devils,5,3
Toronto Maple Leafs,Vancouver Canucks,5,1
Edmonton Oilers,Buffalo Sabres,2,3
Columbus Blue Jackets,Detroit Red Wings,4,3
Philadelphia Flyers,San Jose Sharks,0,1
Florida Panthers,Pittsburgh Penguins,1,3
Boston Bruins,San Jose Sharks,2,1
Dallas Stars,New York Islanders,7,4
Tampa Bay Lightning,Nashville Predators,3,2
Calgary Flames,Chicago Blackhawks,5,4
Colorado Avalanche,Buffalo Sabres,4,5
Calgary Flames,Washington Capitals,5,6
New Jersey Devils,Boston Bruins,3,6
Los Angeles Kings,Nashville Predators,5,3
Vancouver Canucks,New York Islanders,4,2
Philadelphia Flyers,New York Islanders,2,4
Philadelphia Flyers,San Jose Sharks,5,2
Arizona Coyotes,Philadelphia Flyers,3,0
Winnipeg Jets,Arizona Coyotes,4,2
Pittsburgh Penguins,Arizona Coyotes,2,3
Tampa Bay Lightning,Winnipeg Jets,3,1
Tampa Bay Lightning,Vegas Golden Knights,4,7
Chicago Blackhawks,Carolina Hurricanes,3,4
Toronto Maple Leafs,Tampa Bay Lightning,5,3
Colorado Avalanche,Philadelphia Flyers,6,2
Philadelphia Flyers,Edmonton Oilers,2,4
Colorado Avalanche,New York Islanders,4,5
Colorado Avalanche,Boston Bruins,2,6
Philadelphia Flyers,Carolina Hurricanes,5,2
Dallas Stars,Winnipeg Jets,4,6
Tampa Bay Lightning,New York Rangers,6,4
Anaheim Ducks,Detroit Red Wings,3,1
Edmonton Oilers,Nashville Predators,3,4
Buffalo Sabres,Minnesota Wild,1,3
Vancouver Canucks,Ottawa Senators,2,6
Carolina Hurricanes,New York Islanders,5,1
Arizona Coyotes,Calgary Flames,1,2
Colorado Avalanche,New Jersey Devils,2,7
Montreal Canadiens,Vancouver Canucks,2,4
Nashville Predators,Edmonton Oilers,4,3
New York Rangers,Los Angeles Kings,6,3
Colorado Avalanche,Boston Bruins,1,2
Detroit Red Wings,New Jersey Devils,4,2
New York Islanders,St. Louis Blues,6,4
Boston Bruins,Winnipeg Jets,4,3
Carolina Hurricanes,Florida Panthers,4,2
Carolina Hurricanes,Arizona Coyotes,4,5
Tampa Bay Lightning,Minnesota Wild,5,4
Vancouver Canucks,New Jersey Devils,1,5
Carolina Hurricanes,Colorado Avalanche,4,3
Boston Bruins,Buffalo Sabres,3,3
Arizona Coyotes,San Jose Sharks,2,7
Detroit Red Wings,Pittsburgh Penguins,2,4
New York Islanders,Winnipeg Jets,1,5
Calgary Flames,Boston Bruins,3,5
Edmonton Oilers,Dallas Stars,2,4
Detroit Red Wings,New York Islanders,1,4
Boston Bruins,Tampa Bay Lightning,1,3
San Jose Sharks,Anaheim Ducks,3,5
Philadelphia Flyers,Montreal Canadiens,3,0
Boston Bruins,Los Angeles Kings,3,4
Buffalo Sabres,Calgary Flames,4,1
Detroit Red Wings,Arizona Coyotes,4,3
Calgary Flames,Montreal Canadiens,4,5
San Jose Sharks,Vancouver Canucks,1,0
Anaheim Ducks,New York Rangers,6,3
Vancouver Canucks,New York Rangers,1,3
Nashville Predators,Washington Capitals,1,7
Anaheim Ducks,New Jersey Devils,4,3
Tampa Bay Lightning,St. Louis Blues,3,2
Calgary Flames,New Jersey Devils,2,4
Calgary Flames,New Jersey Devils,2,1
Pittsburgh Penguins,Buffalo Sabres,4,6
San Jose Sharks,Columbus Blue Jackets,4,3
Philadelphia Flyers,New Jersey Devils,5,6
Buffalo Sabres,Chicago Blackhawks,1,3
New Jersey Devils,Florida Panthers,3,7
Vegas Golden Knights,Chicago Blackhawks,6,5
Detroit Red Wings,Carolina Hurricanes,4,3
New Jersey Devils,Vegas Golden Knights,4,1
Philadelphia Flyers,Boston Bruins,2,4
Nashville Predators,Washington Capitals,7,4
Florida Panthers,Los Angeles Kings,1,1
Vegas Golden Knights,Colorado Avalanche,2,4
San Jose Sharks,Minnesota Wild,3,5
Washington Capitals,Minnesota Wild,3,1
Ottawa Senators,Pittsburgh Penguins,7,6
Montreal Canadiens,Anaheim Ducks,7,0
Pittsburgh Penguins,Nashville Predators,4,1
Philadelphia Flyers,Buffalo Sabres,5,2
Anaheim Ducks,Ottawa Senators,5,4
New York Rangers,Toronto Maple Leafs,4,5
Detroit Red Wings,Anaheim Ducks,3,1
Calgary Flames,Edmonton Oilers,3,3
New Jersey Devils,Boston Bruins,4,1
Dallas Stars,Philadelphia Flyers,3,6
New York Islanders,Washington Capitals,3,2
Boston Bruins,Ottawa Senators,3,1
Detroit Red Wings,Anaheim Ducks,5,6
Calgary Flames,Florida Panthers,2,3
New York Islanders,San Jose Sharks,4,2
Ottawa Senators,Florida Panthers,3,2
Los Angeles Kings,Minnesota Wild,1,2
New Jersey Devils,Florida Panthers,0,4
Columbus Blue Jackets,Colorado Avalanche,3,1
Washington Capitals,Anaheim Ducks,5,7
Minnesota Wild,Dallas Stars,1,6
Vancouver Canucks,New York Rangers,2,4
Minnesota Wild,Ottawa Senators,5,4
Calgary Flames,Montreal Canadiens,1,5
Buffalo Sabres,Los Angeles Kings,5,3
Montreal Canadiens,Minnesota Wild,4,1
Carolina Hurricanes,Vancouver Canucks,4,5
Carolina Hurricanes,Tampa Bay Lightning,5,4
Calgary Flames,Washington Capitals,5,3
Washington Capitals,Winnipeg Jets,6,2
Edmonton Oilers,Toronto Maple Leafs,6,3
Buffalo Sabres,New York Rangers,5,5
Dallas Stars,Calgary Flames,1,5
Calgary Flames,San Jose Sharks,4,3
San Jose Sharks,Nashville Predators,3,2
Ottawa Senators,Calgary Flames,3,4
Chicago Blackhawks,New York Islanders,3,5
New Jersey Devils,Calgary Flames,4,2
Anaheim Ducks,New Jersey Devils,0,5
Ottawa Senators,Winnipeg Jets,4,7
Nashville Predators,Edmonton Oilers,4,6
San Jose Sharks,Los Angeles Kings,5,4
New Jersey Devils,Pittsburgh Penguins,4,3
Columbus Blue Jackets,Washington Capitals,5,1
Pittsburgh Penguins,Calgary Flames,2,4
Detroit Red Wings,Pittsburgh Penguins,2,6
Winnipeg Jets,Washington Capitals,4,1
Philadelphia Flyers,Columbus Blue Jackets,5,6
Arizona Coyotes,Boston Bruins,7,4
Carolina Hurricanes,St. Louis Blues,1,2
Calgary Flames,Winnipeg Jets,3,4
Minnesota Wild,Vegas Golden Knights,6,3
Toronto Maple Leafs,Buffalo Sabres,7,3
Philadelphia Flyers,Los Angeles Kings,4,6
Washington Capitals,Chicago Blackhawks,2,6
Buffalo Sabres,Minnesota Wild,6,0
Dallas Stars,Los Angeles Kings,3,4
Winnipeg Jets,Boston Bruins,3,0
Chicago Blackhawks,Los Angeles Kings,4,5
Toronto Maple Leafs,Anaheim Ducks,4,5
Calgary Flames,St. Louis Blues,3,6
Chicago Blackhawks,Arizona Coyotes,3,5
Detroit Red Wings,Vancouver Canucks,4,6
Detroit Red Wings,Los Angeles Kings,4,2
Boston Bruins,Edmonton Oilers,5,3
Detroit Red Wings,Montreal Canadiens,2,3
New Jersey Devils,Arizona Coyotes,1,2
Minnesota Wild,Pittsburgh Penguins,7,6
New York Rangers,Anaheim Ducks,2,6
Winnipeg Jets,Pittsburgh Penguins,1,3
San Jose Sharks,St. Louis Blues,2,1
Colorado Avalanche,Arizona Coyotes,5,3
San Jose Sharks,Los Angeles Kings,1,3
Los Angeles Kings,Detroit Red Wings,2,4
Ottawa Senators,Vancouver Canucks,4,5
Colorado Avalanche,Boston Bruins,3,1
Edmonton Oilers,Colorado Avalanche,1,5
Colorado Avalanche,Pittsburgh Penguins,6,7
Florida Panthers,San Jose Sharks,3,4
New Jersey Devils,Winnipeg Jets,1,1
Minnesota Wild,New Jersey Devils,5,1
Philadelphia Flyers,Ottawa Senators,5,2
Nashville Predators,Washington Capitals,2,4
Edmonton Oilers,St. Louis Blues,5,3
Winnipeg Jets,Florida Panthers,4,5
Pittsburgh Penguins,Philadelphia Flyers,2,4
Los Angeles Kings,Chicago Blackhawks,1,6
Minnesota Wild,Florida Panthers,5,2
Colorado Avalanche,Chicago Blackhawks,4,3
Anaheim Ducks,Edmonton Oilers,4,0
Carolina Hurricanes,Vegas Golden Knights,2,6
Pittsburgh Penguins,Toronto Maple Leafs,3,1
Columbus Blue Jackets,Toronto Maple Leafs,3,3
Philadelphia Flyers,Carolina Hurricanes,6,4
Colorado Avalanche,Montreal Canadiens,4,3
Arizona Coyotes,Washington Capitals,1,4
Chicago Blackhawks,Vegas Golden Knights,6,1
Toronto Maple Leafs,Boston Bruins,4,3
Florida Panthers,Washington Capitals,4,3
Ottawa Senators,New York Rangers,4,1
Los Angeles Kings,New York Rangers,3,1
Montreal Canadiens,Winnipeg Jets,5,4
New York Rangers,Vancouver Canucks,3,4
Arizona Coyotes,Nashville Predators,7,6
Calgary Flames,Arizona Coyotes,4,3
Pittsburgh Penguins,Montreal Canadiens,5,4
Colorado Avalanche,Chicago Blackhawks,6,4
New York Islanders,Calgary Flames,7,4
Toronto Maple Leafs,Dallas Stars,3,5
Vancouver Canucks,Minnesota Wild,3,3
Carolina Hurricanes,Calgary Flames,5,6
Los Angeles Kings,Carolina Hurricanes,3,4
Vegas Golden Knights,Pittsburgh Penguins,1,4
Los Angeles Kings,Philadelphia Flyers,2,4
Arizona Coyotes,Calgary Flames,3,5
Vancouver Canucks,Chicago Blackhawks,2,3
Pittsburgh Penguins,New York Islanders,2,2
Calgary Flames,San Jose Sharks,5,4
Anaheim Ducks,Montreal Canadiens,6,2
St. Louis Blues,Calgary Flames,4,2
Detroit Red Wings,Dallas Stars,0,5
Philadelphia Flyers,Montreal Canadiens,5,3
Ottawa Senators,Toronto Maple Leafs,2,0
Philadelphia Flyers,Detroit Red Wings,3,4
Pittsburgh Penguins,Arizona Coyotes,2,7
Colorado Avalanche,Dallas Stars,3,1
Carolina Hurricanes,Dallas Stars,6,2
Columbus Blue Jackets,Vegas Golden Knights,2,3
Los Angeles Kings,Detroit Red Wings,2,3
New Jersey Devils,Chicago Blackhawks,4,5
Vancouver Canucks,New York Islanders,4,2
Washington Capitals,Anaheim Ducks,3,2
Tampa Bay Lightning,Washington Capitals,3,6
Anaheim Ducks,Los Angeles Kings,3,5
Winnipeg Jets,Los Angeles Kings,2,4
Los Angeles Kings,Carolina Hurricanes,2,5
Dallas Stars,Tampa Bay Lightning,6,3
Chicago Blackhawks,Montreal Canadiens,3,4
Carolina Hurricanes,Dallas Stars,4,1
San Jose Sharks,Vegas Golden Knights,3,4
Arizona Coyotes,New Jersey Devils,2,7
Edmonton Oilers,Detroit Red Wings,3,4
Florida Panthers,Vancouver Canucks,1,5
Winnipeg Jets,Minnesota Wild,2,5
Philadelphia Flyers,Ottawa Senators,1,3
Ottawa Senators,Tampa Bay Lightning,1,4
Carolina Hurricanes,Calgary Flames,1,3
Anaheim Ducks,Carolina Hurricanes,6,4
Vegas Golden Knights,Los Angeles Kings,4,2
Chicago Blackhawks,Carolina Hurricanes,1,2
Nashville Predators,Vancouver Canucks,1,2
Boston Bruins,Minnesota Wild,3,4
Vegas Golden Knights,Carolina Hurricanes,5,5
San Jose Sharks,Chicago Blackhawks,5,4
Vegas Golden Knights,Pittsburgh Penguins,3,1
Columbus Blue Jackets,San Jose Sharks,4,6
Arizona Coyotes,Edmonton Oilers,2,5
Detroit Red Wings,Minnesota Wild,4,2
Edmonton Oilers,Minnesota Wild,5,1
Vegas Golden Knights,Colorado Avalanche,2,3
Dallas Stars,New York Islanders,5,6
San Jose Sharks,Los Angeles Kings,1,4
Vegas Golden Knights,Vancouver Canucks,5,1
Tampa Bay Lightning,Nashville Predators,4,1
Vegas Golden Knights,Washington Capitals,2,4
Dallas Stars,San Jose Sharks,3,1
Carolina Hurricanes,Philadelphia Flyers,6,0
Vancouver Canucks,Calgary Flames,0,5
New York Islanders,Los Angeles Kings,4,3
Anaheim Ducks,St. Louis Blues,6,4
Detroit Red Wings,Nashville Predators,6,3
Boston Bruins,Toronto Maple Leafs,4,3
Anaheim Ducks,Dallas Stars,5,3
New York Rangers,Ottawa Senators,3,2
Columbus Blue Jackets,Pittsburgh Penguins,3,4
Pittsburgh Penguins,New Jersey Devils,6,4
Toronto Maple Leafs,New York Islanders,3,2
Anaheim Ducks,Tampa Bay Lightning,0,1
Toronto Maple Leafs,Montreal Canadiens,0,5
Nashville Predators,Montreal Canadiens,3,2
Buffalo Sabres,Carolina Hurricanes,3,2
Dallas Stars,Los Angeles Kings,2,4
Winnipeg Jets,New York Rangers,5,6
Toronto Maple Leafs,New York Rangers,3,2
Vancouver Canucks,Colorado Avalanche,3,1
Anaheim Ducks,Arizona Coyotes,4,3
Tampa Bay Lightning,San Jose Sharks,5,0
Vegas Golden Knights,Calgary Flames,2,3
Los Angeles Kings,San Jose Sharks,4,6
Los Angeles Kings,Vancouver Canucks,1,5
New York Rangers,San Jose Sharks,3,2
Winnipeg Jets,Anaheim Ducks,4,1
Colorado Avalanche,Ottawa Senators,3,4
Carolina Hurricanes,St. Louis Blues,3,4
Colorado Avalanche,Vegas Golden Knights,2,3
Ottawa Senators,New York Rangers,4,7
Pittsburgh Penguins,Los Angeles Kings,6,0
Philadelphia Flyers,Los Angeles Kings,3,0
Edmonton Oilers,Anaheim Ducks,1,2
Los Angeles Kings,Buffalo Sabres,6,2
St. Louis Blues,Ottawa Senators,4,3
Vegas Golden Knights,Winnipeg Jets,3,4
Detroit Red Wings,Calgary Flames,3,1
Minnesota Wild,Washington Capitals,4,5
Edmonton Oilers,Minnesota Wild,3,4
Detroit Red Wings,Colorado Avalanche,3,4
Dallas Stars,Detroit Red Wings,7,5
Montreal Canadiens,Boston Bruins,5,4
Carolina Hurricanes,Detroit Red Wings,6,3
Buffalo Sabres,Toronto Maple Leafs,5,3
Arizona Coyotes,Toronto Maple Leafs,2,4
Minnesota Wild,Montreal Canadiens,1,3
Edmonton Oilers,Washington Capitals,5,4
San Jose Sharks,Calgary Flames,4,1
Arizona Coyotes,Tampa Bay Lightning,1,4
New Jersey Devils,Arizona Coyotes,1,5
Pittsburgh Penguins,New York Islanders,1,3
Arizona Coyotes,Minnesota Wild,5,2
Tampa Bay Lightning,Anaheim Ducks,3,3
Dallas Stars,Pittsburgh Penguins,5,4
Buffalo Sabres,Philadelphia Flyers,4,5
Boston Bruins,Dallas Stars,5,4
Buffalo Sabres,Tampa Bay Lightning,4,1
Calgary Flames,Detroit Red Wings,3,2
Ottawa Senators,Philadelphia Flyers,4,5
Anaheim Ducks,Winnipeg Jets,0,3
Dallas Stars,Edmonton Oilers,5,2
Montreal Canadiens,Buffalo Sabres,1,5
Carolina Hurricanes,Chicago Blackhawks,5,4
Edmonton Oilers,Carolina Hurricanes,2,3
Winnipeg Jets,Florida Panthers,6,7
New York Rangers,Montreal Canadiens,2,0
Columbus Blue Jackets,Florida Panthers,2,3
Calgary Flames,Florida Panthers,0,3
Calgary Flames,Edmonton Oilers,4,5
St. Louis Blues,San Jose Sharks,1,4
Minnesota Wild,Philadelphia Flyers,3,1
Anaheim Ducks,Chicago Blackhawks,3,7
New Jersey Devils,Vancouver Canucks,7,5
Anaheim Ducks,Carolina Hurricanes,2,6
Philadelphia Flyers,St. Louis Blues,2,5
St. Louis Blues,New York Rangers,4,5
Dallas Stars,Boston Bruins,3,4
Nashville Predators,New York Islanders,2,4
Columbus Blue Jackets,Detroit Red Wings,6,2
Calgary Flames,Carolina Hurricanes,3,1
Edmonton Oilers,Dallas Stars,1,3
Minnesota Wild,Toronto Maple Leafs,3,4
Chicago Blackhawks,New York Rangers,1,2
St. Louis Blues,Edmonton Oilers,5,3
Ottawa Senators,New York Rangers,4,3
Arizona Coyotes,Montreal Canadiens,3,5
Carolina Hurricanes,New Jersey Devils,3,4
Winnipeg Jets,Tampa Bay Lightning,2,3
Minnesota Wild,Edmonton Oilers,3,5
Dallas Stars,Calgary Flames,3,5
Tampa Bay Lightning,Toronto Maple Leafs,3,0
Minnesota Wild,Vegas Golden Knights,2,0
Florida Panthers,Toronto Maple Leafs,4,3
Dallas Stars,Washington Capitals,2,4
Boston Bruins,Florida Panthers,5,3
Montreal Canadiens,Edmonton Oilers,3,2
Winnipeg Jets,Vancouver Canucks,5,0
Toronto Maple Leafs,Dallas Stars,6,3
Washington Capitals,Calgary Flames,7,6
Calgary Flames,New Jersey Devils,3,4
Anaheim Ducks,Florida Panthers,2,3
Ottawa Senators,Carolina Hurricanes,3,6
Toronto Maple Leafs,Edmonton Oilers,5,4
Toronto Maple Leafs,Edmonton Oilers,2,4
Toronto Maple Leafs,Montreal Canadiens,3,7
Washington Capitals,New York Rangers,1,4
Carolina Hurricanes,Vancouver Canucks,3,4
Florida Panthers,Ottawa Senators,3,4
Dallas Stars,Buffalo Sabres,4,1
Montreal Canadiens,Edmonton Oilers,5,3
Washington Capitals,New York Islanders,3,5
Buffalo Sabres,Philadelphia Flyers,2,4
Washington Capitals,Carolina Hurricanes,4,1
Montreal Canadiens,Ottawa Senators,6,1
St. Louis Blues,Vegas Golden Knights,5,4
Detroit Red Wings,Washington Capitals,1,3
Carolina Hurricanes,Montreal Canadiens,6,4
Vegas Golden Knights,Edmonton Oilers,4,2
Montreal Canadiens,Minnesota Wild,3,4
Pittsburgh Penguins,New York Rangers,5,1
Ottawa Senators,Vegas Golden Knights,3,5
New York Rangers,Florida Panthers,4,1
Arizona Coyotes,Tampa Bay Lightning,5,4
Anaheim Ducks,Tampa Bay Lightning,6,1
Philadelphia Flyers,Dallas Stars,4,3
Columbus Blue Jackets,New York Islanders,6,3
Vancouver Canucks,Boston Bruins,3,4
Washington Capitals,Minnesota Wild,1,2
Pittsburgh Penguins,Montreal Canadiens,5,4
Montreal Canadiens,Detroit Red Wings,3,4
Florida Panthers,New Jersey Devils,6,7
San Jose Sharks,New York Islanders,3,3
Boston Bruins,Winnipeg Jets,3,2
Buffalo Sabres,Toronto Maple Leafs,1,2
Ottawa Senators,St. Louis Blues,2,3
Pittsburgh Penguins,Dallas Stars,3,4
Tampa Bay Lightning,New Jersey Devils,0,7
Pittsburgh Penguins,Edmonton Oilers,1,6
St. Louis Blues,Montreal Canadiens,3,5
Edmonton Oilers,Pittsburgh Penguins,4,3
Minnesota Wild,Vegas Golden Knights,2,7
Tampa Bay Lightning,Edmonton Oilers,6,2
New York Rangers,Chicago Blackhawks,3,4
Philadelphia Flyers,Vancouver Canucks,4,3
Florida Panthers,Columbus Blue Jackets,4,4
Detroit Red Wings,Philadelphia Flyers,1,5
Buffalo Sabres,New York Islanders,2,5
Pittsburgh Penguins,New Jersey Devils,2,3
Vegas Golden Knights,Chicago Blackhawks,1,3
Minnesota Wild,San Jose Sharks,4,2
Buffalo Sabres,Toronto Maple Leafs,2,4
New York Islanders,Vancouver Canucks,5,0
Detroit Red Wings,New York Rangers,3,6
New York Rangers,Toronto Maple Leafs,2,6
St. Louis Blues,Detroit Red Wings,6,1
Vancouver Canucks,Montreal Canadiens,2,3
Minnesota Wild,Washington Capitals,7,6
Chicago Blackhawks,New Jersey Devils,3,4
Ottawa Senators,Florida Panthers,7,4
Detroit Red Wings,Carolina Hurricanes,2,4
Boston Bruins,Washington Capitals,6,5
New York Islanders,Detroit Red Wings,2,3
Minnesota Wild,Buffalo Sabres,4,7
New Jersey Devils,Edmonton Oilers,4,3
New York Rangers,San Jose Sharks,4,0
Vancouver Canucks,Detroit Red Wings,7,2
Winnipeg Jets,Florida Panthers,6,2
Washington Capitals,Arizona Coyotes,6,3
Ottawa Senators,Carolina Hurricanes,4,2
Tampa Bay Lightning,Dallas Stars,3,4
Montreal Canadiens,New York Rangers,2,1
Philadelphia Flyers,New York Islanders,3,6
Edmonton Oilers,New York Rangers,0,3
Buffalo Sabres,Dallas Stars,3,4
Tampa Bay Lightning,Ottawa Senators,2,5
New York Rangers,Chicago Blackhawks,2,6
St. Louis Blues,Ottawa Senators,5,4
Tampa Bay Lightning,Philadelphia Flyers,5,4
New York Rangers,Buffalo Sabres,5,2
Buffalo Sabres,Nashville Predators,2,1
Philadelphia Flyers,New Jersey Devils,1,3
Chicago Blackhawks,Florida Panthers,3,6
Washington Capitals,Arizona Coyotes,5,4
Ottawa Senators,Carolina Hurricanes,6,1
Boston Bruins,Chicago Blackhawks,5,3
Vegas Golden Knights,Buffalo Sabres,4,2
Ottawa Senators,Dallas Stars,1,3
Washington Capitals,Florida Panthers,2,1
Minnesota Wild,Buffalo Sabres,3,5
San Jose Sharks,Florida Panthers,6,1
Washington Capitals,Columbus Blue Jackets,2,1
Philadelphia Flyers,Detroit Red Wings,4,6
St. Louis Blues,Ottawa Senators,4,3
Buffalo Sabres,San Jose Sharks,4,4
Nashville Predators,St. Louis Blues,5,0
New York Islanders,Washington Capitals,3,3
Washington Capitals,Vancouver Canucks,0,2
Boston Bruins,Carolina Hurricanes,5,4
Minnesota Wild,Arizona Coyotes,6,3
Boston Bruins,Minnesota Wild,5,6
New York Rangers,Chicago Blackhawks,2,4
St. Louis Blues,Nashville Predators,2,4
Pittsburgh Penguins,Winnipeg Jets,2,5
Dallas Stars,Philadelphia Flyers,3,2
New York Rangers,Vegas Golden Knights,3,2
Carolina Hurricanes,Washington Capitals,4,0
Tampa Bay Lightning,Nashville Predators,2,3
Arizona Coyotes,Pittsburgh Penguins,2,4
Edmonton Oilers,New York Rangers,5,4
Dallas Stars,Boston Bruins,5,6
Columbus Blue Jackets,Chicago Blackhawks,4,2
Buffalo Sabres,Ottawa Senators,3,5
Washington Capitals,Montreal Canadiens,2,3
Florida Panthers,New York Rangers,1,4
Pittsburgh Penguins,St. Louis Blues,3,2
St. Louis Blues,Chicago Blackhawks,3,4
Minnesota Wild,New Jersey Devils,0,2
Tampa Bay Lightning,Boston Bruins,4,1
Montreal Canadiens,New York Islanders,1,5
Chicago Blackhawks,Nashville Predators,6,3
New York Islanders,Ottawa Senators,5,4
Florida Panthers,Arizona Coyotes,3,2
Florida Panthers,Montreal Canadiens,6,0
New York Islanders,Pittsburgh Penguins,2,6
Winnipeg Jets,Carolina Hurricanes,3,1
Edmonton Oilers,Minnesota Wild,4,4
Washington Capitals,Buffalo Sabres,3,5
Florida Panthers,Boston Bruins,2,5
Dallas Stars,Pittsburgh Penguins,6,3
Columbus Blue Jackets,Carolina Hurricanes,3,2
Winnipeg Jets,Edmonton Oilers,4,3
Nashville Predators,Pittsburgh Penguins,4,0
Boston Bruins,Minnesota Wild,2,2
Dallas Stars,Nashville Predators,3,4
Dallas Stars,New York Rangers,5,1
Ottawa Senators,Winnipeg Jets,4,3
Minnesota Wild,New York Rangers,5,3
Pittsburgh Penguins,Nashville Predators,4,7
Montreal Canadiens,Edmonton Oilers,3,5
Nashville Predators,Washington Capitals,1,2
Nashville Predators,Carolina Hurricanes,4,6
Boston Bruins,Washington Capitals,1,4
New York Islanders,Boston Bruins,4,3
Winnipeg Jets,Montreal Canadiens,5,4
New York Islanders,St. Louis Blues,4,5
Dallas Stars,Chicago Blackhawks,4,3
Montreal Canadiens,St. Louis Blues,3,1
Toronto Maple Leafs,Winnipeg Jets,4,3
Ottawa Senators,Florida Panthers,1,3
Buffalo Sabres,Edmonton Oilers,4,2
Boston Bruins,Toronto Maple Leafs,4,5
Dallas Stars,Chicago Blackhawks,3,4
Washington Capitals,New York Islanders,1,4
Montreal Canadiens,Dallas Stars,6,4
Boston Bruins,Chicago Blackhawks,1,4
Winnipeg Jets,Carolina Hurricanes,6,5
Montreal Canadiens,Ottawa Senators,5,2
Winnipeg Jets,Columbus Blue Jackets,5,4
Buffalo Sabres,New York Islanders,4,3
Winnipeg Jets,Columbus Blue Jackets,4,3
Montreal Canadiens,Nashville Predators,3,4
New York Islanders,St. Louis Blues,2,3
Nashville Predators,Florida Panthers,2,5
Buffalo Sabres,Montreal Canadiens,4,1
Buffalo Sabres,Montreal Canadiens,3,2
Toronto Maple Leafs,Boston Bruins,1,3
New York Islanders,Winnipeg Jets,3,5
Chicago Blackhawks,Dallas Stars,3,7
St. Louis Blues,Chicago Blackhawks,3,4
Florida Panthers,New York Islanders,4,3
New York Islanders,Buffalo Sabres,4,2
Boston Bruins,Chicago Blackhawks,5,1
Winnipeg Jets,Columbus Blue Jackets,3,1
Boston Bruins,Winnipeg Jets,3,4
Buffalo Sabres,Boston Bruins,2,3
Columbus Blue Jackets,Toronto Maple Leafs,5,2
Toronto Maple Leafs,New York Islanders,3,1
Boston Bruins,New York Islanders,6,4
Buffalo Sabres,Toronto Maple Leafs,5,4